惠龙易通, 557
中山门店贷款客户, 622
南海门店贷款客户, 654
南宁门店贷款客户, 506
广州门店贷款客户, 742
韶关门店贷款客户, 548
GM02A+库存, 1085
运城分公司无线, 501
鑫智航, 5092
银利投资1, 504
王辉1, 1541
删除的设备, 584
公司重车, 566
深圳市鑫智航电子科技有限公司, 598
冠盈沈阳公司, 1595
冠盈大连分公司, 1099
冠盈锦州分公司, 766
冠盈青岛分公司, 700
北京谷米科技, 1602
信阳使用无线, 626
黄岛使用无线, 625
许昌使用无线, 568
芜湖2店使用无线, 608
平顶山使用无线, 626
安阳使用无线, 770
滨州使用无线, 938
开封使用无线, 595
云游天下, 514
jindunxing1, 502
seeworld, 10440
sw00115, 523
坚信科技, 543
广州长科, 1449
tw994, 873
tw488, 1814
斯沃德客户作废设备, 1171
四达投资, 840
zjak123456, 957
两年到期用户, 621
郑乃旺, 718
runyin123456789, 2436
kxdb6, 570
报废的不用了, 569
杭州艾卡, 1348
akxmfgs, 4107
腾铭金融, 554
义乌科技, 621
江西艾卡, 1245
ryd123456, 617
汕头汇强, 2148
有线定位器, 722
zszh123456789, 1065
安徽维舟汽车服务, 4309
嘉兴徐菊芳, 2209
无线定位器, 540
上海腾沪, 4397
mingxinchedai, 1665
腾铭结清组, 3283
恩施黄达洲, 1021
宜昌艾车无线, 882
yingxiaodan2, 1853
腾铭201608, 560
3304804, 740
3304808, 700
3304812, 745
3304816, 684
3304820, 698
3304824, 764
3304828, 731
3304832, 725
3304836, 760
腾铭金融_20160825, 762
安徽升迅汽车服务, 582
腾铭金融2016, 706
江西车贷通宜春团队, 856
15935357824, 1152
18258299419, 644
宜昌邹永光, 726
宜昌董作喜, 1449
郑乃爽, 852
panhong, 820
yanjian1, 618
3445853, 738
3445857, 748
3445861, 687
九江团队, 522
景德镇团队, 566
张仕净, 1401
宜昌王胜君, 552
郑州-金水门店, 659
漳州科技, 775
曾果夫, 507
宜兴扬州团队, 1128
铜仁-碧江门店, 680
akxmfgs无线, 949
runyin-无线, 906
两年平台到期客户, 787
宁波-江东门店, 1873
芜湖-镜湖门店, 592
斯沃德新设备, 2938
太原许一选团队, 1043
衡水-桃城门店, 657
临汾-尧都门店, 920
娄底-娄星门店, 1046
杭州-西湖门店, 587
许二跑, 922
蚌埠-蚌山门店, 810
泰安-泰山门店, 926
泰安-莱芜分店, 998
达州-达川门店, 613
眉山-东坡门店, 893
巴厘车服-百色门店, 841
巴厘车服-宝鸡门店, 600
巴厘车服-苍南门店, 773
巴厘车服-慈溪门店, 1247
巴厘车服-赣州门店, 807
巴厘车服-贵阳门店, 2527
巴厘车服-怀化门店, 880
巴厘车服-黄冈门店, 563
巴厘车服-金华门店, 675
巴厘车服-兰州门店, 520
巴厘车服-南宁门店, 1405
巴厘车服-泉州门店, 1698
巴厘车服-绍兴门店, 1203
巴厘车服-苏州门店, 520
巴厘车服-太原门店, 850
巴厘车服-渭南门店, 561
巴厘车服-西安门店, 898
巴厘车服-义乌门店, 1086
巴厘车服-益阳门店, 1122
巴厘车服-玉林门店, 680
巴厘车服-玉溪门店, 657
巴厘车服-长沙门店, 662
巴厘车服-中山门店, 723
沧州-新华门店, 705
邵阳双清门店1, 1018
汕头汇强无线1, 791
滕州-龙泉门店, 540
济宁-高新门店, 870
济宁-曲阜分店, 594
张仕净包头无线2, 876
丽水-莲都门店, 833
阜新-海州门店, 616
邵阳-双清门店, 1214
漳州-龙文门店, 970
邯郸-丛台门店, 624
柳州-城中门店, 1373
akxmfgs无线1, 950
车管家1无, 947
初炎汽车, 1776
湖州-吴兴门店, 844
成都-双流分店, 935
上海-闵行门店, 917
太原许一选团队1, 960
温州-鹿城门店, 1339
巴厘车服-保定门店, 582
巴厘车服-毕节门店, 642
成都-锦江门店, 2558
巴厘车服-福州门店, 949
巴厘车服-广安门店, 520
巴厘车服-广元门店, 501
巴厘车服-贵港门店, 522
巴厘车服-贺州门店, 700
巴厘车服-衡阳蒸湘门店, 540
巴厘车服-呼和浩特门店, 835
巴厘车服-吉首门店, 1020
巴厘车服-嘉兴门店, 768
巴厘车服-廊坊门店, 680
巴厘车服-六盘水门店, 748
巴厘车服-龙岩门店, 822
巴厘车服-泸州门店, 550
南充-高坪门店, 674
巴厘车服-莆田门店, 934
巴厘车服-清远门店, 686
巴厘车服-嵊州门店, 528
巴厘车服-咸宁门店, 653
巴厘车服-襄阳门店, 841
巴厘车服-兴义门店, 893
巴厘车服-永州门店, 1447
巴厘车服-余姚门店, 770
巴厘车服-张家口门店, 700
巴厘车服-长治门店, 559
巴厘车服-舟山门店, 528
巴厘车服-诸暨门店, 1509
巴厘车服-贵阳南明门店, 685
台州-椒江门店, 577
江西艾卡1, 1100
新乡-红旗门店, 589
岳阳-楼区门店, 1310
温州-鹿城门店01, 1495
zszh2018, 778
张仕净包头无线3, 893
太原许一选团队2, 790
都匀-广惠门店, 1040
聚融优合, 956
巴厘车服-安顺门店, 564
贵阳门店1, 1000
厦门-湖里门店, 777
遂宁-船山门店, 1123
勤业资产, 723
樱花家科技刘克, 1058
888889999900000, 797
万达公馆3, 1092
都邦保险, 503
深圳公交, 3509
东部公交多余设备, 3360
西部公交多余设备, 2923
北京公交, 1081
已换下设备, 14891
shanghaigongjiao, 1353
赖锋宏, 991
天海蓝, 1800
苏州艺佳, 1666
苏汇结清未拆除, 542
13911608340, 2329
京东, 570
离职报废, 805
汽车在线2017, 1377
新峰水泥, 579
路航腾飞, 951
18954108760, 696
20140409, 535
诺泽投资管理(北京)有限公司, 844
北京交广车贷, 668
诺则不用机器, 642
兴昌运输6, 516
del, 776
hzss, 859
hnklty, 688
whkts, 602
H809, 556
郑州泛达1, 900
睿航科技, 1507
回收20170313, 725
jj201402., 628
天瑞南召, 606
温州捷信汽车服务公司, 736
宁波恒捷汽车服务16, 867
宁波恒捷汽车服务17, 1809
温州土土投资有限公司16, 754
温州土土投资有限公司17, 576
温州土土按揭车有线18, 678
温州土土按揭车无线18, 747
宁波恒捷汽车服务18, 1202
温州土土投资有限公司18, 632
绍兴土土无线18, 728
吴灏, 1346
hk-bdcom, 523
forli3, 1404
hk-seeworld, 501
palapa, 4442
agoeng79, 3594
BFE, 779
Adaptek, 556
hazel, 625
indream, 1331
百能, 576
cornelius, 732
gzzc008, 800
laksa, 574
kasado, 1923
trailmycaradmin, 1098
fordgan, 1284
HH4trading, 550
misoperation, 2515
fred1, 561
surabaya, 660
tlacak_new, 625
2651988, 576
autocape, 828
SOMETHEL TECH, 766
nicbank, 563
ranconautomob, 564
backupgadgets, 707
wolesbro, 1016
jackpot-tracking, 619
removedgadgets, 1728
expired2016, 546
88855, 583
energypacmotor, 683
ex.sub, 797
totracksolid, 581
kcb@tracksolid, 628
family@tracksolid, 868
深圳科翔, 744
深圳科翔公司, 33953
路贵通, 629
NYKJ, 709
宇星安防, 1161
beiyong, 552
高派斯七部, 576
科翔报废设备, 1104
yzh001, 606
亿博盛广州总部, 621
S267FH, 711
honghong888, 911
保定新星长安铃木, 546
科翔报废, 1980
qznbc, 744
已结, 1328
科翔科技-新帐号_20140819_11, 1008
科翔科技-新帐号_20140819_15, 1043
科翔科技-新帐号_20140819_19, 1134
15666838888, 1036
科翔科技-新帐号_20140819_23, 1064
圳科翔科技-新帐号_20140819_6, 1102
科翔科技-新帐号_20140819_10, 968
已还款, 569
结清用户01, 582
拆除设备, 1611
nbctech, 557
jiangjunfu, 560
客户结清没来拆除, 604
中天投资, 800
过期无用, 1329
青岛中瑞, 1984
6098L, 3737
炎黄通信, 1074
河南尚风, 684
渣土管理, 723
DUST BIN, 1948
李国侠, 3821
kxdb, 549
48866, 961
Zcm333, 595
yxzcm, 855
严华金, 545
13878813118, 972
13269377969, 1929
腾跃, 1101
联盟投资, 544
18855735999, 664
087009, 558
ahzk, 516
733000, 601
010106, 700
010108, 846
010109, 1305
010102, 723
010103, 979
010104, 577
010105, 659
010110, 1129
0000000000000000作废, 506
ZHONGLIDA2, 556
010113, 525
华凯清户车, 506
13336357777, 651
车队111, 562
010114, 656
13385926389, 1223
jinmaN1, 748
神尊租车w, 980
zhenshi, 1010
中荣担保, 774
huaile, 978
qwerewqtw, 2409
ZXCF2014, 3952
损坏的设备1, 1959
jqlb, 553
csjqlb, 538
18166817798, 541
qq559308, 589
13763088003, 672
拖网, 701
nbctz, 561
3796660, 513
润明2, 668
000000012, 1039
友人投资1, 624
15666688677, 700
整理回收, 585
18533678920, 555
东门实业有限公司, 549
15978438805, 646
合肥嘉福车贷, 650
18603251264, 541
长安新生北京, 851
溢美金融, 929
13575751535, 651
shanghaishenshan, 505
15128091191, 800
13567570608, 1579
13757892926, 1415
盛运担保17, 611
13898881229, 849
hnacjrwxsb1, 871
cdbthc, 730
六安嘉福车贷, 1281
陕西广飞汽贸, 628
HCZD12, 561
sxwxdd, 564
zjyxdd, 504
wzwxdd, 556
新烟台无线定位, 815
15840870588, 522
sryxdd, 510
上海嘉车贷金融, 925
dxwc, 599
唐山车借贷后, 656
18031016644, 840
佛山幸福汽车, 571
秦皇岛车借贷后, 949
15315458885, 1178
王青GPS, 661
湖北葛斌, 564
四合工贸, 565
189324710172, 961
189324710173, 900
盘锦无线定位, 1066
sdhpe12gv, 587
吴忠车借贷后, 587
榆林车借贷后, 850
友资, 516
广西南宁二组, 601
江苏盈海, 596
天耀金融, 605
苏州嘉车贷金融, 796
龙环逾期已拖回车辆, 693
wzyxdd, 632
ccmd, 614
衡水车借贷后2, 922
云南卢帅, 680
结清客户123, 536
包头车借贷后, 807
衡水车借贷后, 914
石家庄车借贷后, 849
邢台车借贷后, 933
银川车借贷后, 868
银川信借贷后, 640
张家口车借贷后, 735
sdffaca, 538
河南陇豫赢电子, 719
石家庄车借贷后2, 809
哈尔滨嘉实, 922
库存130524, 505
bjksbtsfa1, 769
上海福源泰金融, 963
wjmjq, 1251
qzyxdd, 521
拓天伟业集团, 578
RMGPSO, 927
13513597227, 676
太原车借贷后, 894
13580939163, 1546
保定车借贷后2, 866
xsyxdd, 997
中华思源, 891
0432, 613
fhggjjul, 607
bghjrew81ghd, 566
ghywcv94g, 653
榆林车借贷后2, 559
新阜新天顺祥信贷无线, 727
15100063888, 795
gdtsfa01, 969
淮北市场, 559
青岛安华, 1080
陕西广越商洛, 594
acjrqygj, 882
acjrsglwb, 759
bjksb6, 873
北京签约tsfa, 734
谷米北京, 995
新葫芦岛无线定位, 696
gdtsfa03, 508
邢台1, 609
邢台2, 607
邢台4, 775
szgfb000, 1720
bjksb, 647
bjksbtsfa2, 968
智信创富一部, 706
渠道账户2, 862
苏州嘉车贷金融1, 627
广州佛山门店, 802
傅文水, 1090
邓智勇, 871
gelsfsmd, 535
邢台车借门店, 897
保定车借贷后, 847
保定信借贷后, 755
沧州车借贷后, 927
bjksb5, 946
大同车借贷后2, 876
asmd0911, 681
ykmd0911, 511
大同车借贷后, 882
临汾车借贷后, 864
车融汇, 1120
报废设备A, 997
报废设备B, 998
hbdqqds, 622
bjksbtsfa, 898
各门店淘汰06、X9设备3, 711
回收站1234567, 789
18672582212, 561
拉风汽车, 740
dghbfgdxvtghfggcvgvg, 2000
fghs6df58, 567
邢台车借贷后2, 896
无锡嘉车贷金融, 718
东莞签约中心, 791
20180519自提, 661
bvgngghj, 655
ssdsdfssgewt, 881
广东谢俊, 821
fghbebzpdffc, 725
杭州新屹投资, 549
无锡嘉车贷金融2, 948
有好车, 1094
邯郸1店贷后3, 865
邯郸1店贷后4, 795
邯郸2店贷后1, 655
YLTZ, 620
沧州车借贷后2, 858
龙环逾期已拖回车辆2, 654
石家庄车借贷后4, 630
1111111111111112, 1196
各门店淘汰06、X9设备2, 993
过渡账户, 653
jhgbjcfvg7, 602
杭州萧山车借贷后, 545
杭州迪凯车借贷后, 819
邢台3, 860
吉林双子, 1020
189324710171, 643
赢括, 609
赢拓投资3, 599
820171215, 670
石家庄车借贷后5, 528
bjksbtsfa9, 906
各门店淘汰06、X9设备, 975
报废设备3, 939
bjksb8, 985
临汾车借贷后2, 784
河北骏诚, 1107
友人无线, 726
fsqyzx1, 538
上海嘉车贷金融1, 833
报废设备4, 590
dgfajgfdsdkjhgtgdfv, 619
重庆签约中心, 657
bjksb7, 969
南通账户2, 719
20180526自提, 780
20180528自提, 1280
jhgjkfacd688fd, 558
邯郸1店贷后1, 1004
邯郸1店贷后2, 874
邯郸2店贷后2, 558
邯郸1店贷后5, 664
bjksbtsfa8, 993
18332238811, 2052
20180504自提, 841
20080529自提, 1100
20180530自提, 1000
hsdz, 634
fwfdq, 1500
zlgsdqcl, 729
fshx, 632
1221, 995
13708570222, 1241
龙姐不用租赁车辆, 508
不续费设备, 3741
锦东长春已还款, 2647
不续费全部转移至此, 555
邸洪金, 2452
8889788, 567
KZQM, 1016
bjhttx, 5921
HUWENYAN, 838
GGGY, 1997
重庆美博, 625
互汇转移1, 649
三信用, 593
车务通, 1460
njhxzc, 549
xlkj, 584
gao, 1328
誉德科技, 525
通顺车队, 1229
wxqi, 718
00回收站, 2369
feihao, 534
HZZN, 821
萧县天瑞, 590
shijiazhuangrower, 1136
cheyidai, 1090
星安弃用, 1423
20140108, 511
华创贷款, 522
BXKJGPS, 1510
鑫享嘉业, 1325
doosan, 1004
恒玖北京, 539
zrhcd118, 586
备用定位2, 512
爱车一家车辆服务, 651
车辆服务, 1322
2015年未开帐号客户, 726
鑫唐峰商贸公司, 1502
SBWHSZ, 619
兴昌运输, 1260
沧州鑫唐峰, 738
北京谷米电子GPS平台, 1798
2017回收站, 1102
开源车贷, 940
TSXHKJ, 506
厦工1, 683
asdb, 817
fjk, 3236
刘锋, 744
吴旭清, 1631
唯谷科技, 513
FL168, 543
110护车神, 21209
租, 888
chefu, 1167
未知客户, 930
恒安科技1, 1813
山东华昊, 505
胜林汽车, 763
物流公司, 729
旗舰店, 16064
JQ1, 1163
HSTZDB, 1095
刘寒01, 1162
通通汽车, 2069
del-宏信融通, 1323
追随者旗舰店, 739
骑士在线, 693
guoqizuofeide, 802
yxysyxgs, 949
蓝冰车品专营店, 1484
zztchd, 951
0579GPS, 741
徐洪全, 3042
宁波普信, 780
路通车贷有限公司, 941
ZHMCH, 1203
欧美名车, 1887
JXRT, 618
纵横, 856
13066859868, 555
suyu_jibby, 550
富阳, 536
18940200609, 663
拆了的, 527
江苏可瑞德资产管理有限公司, 595
e456cn02, 618
gwgps, 519
tzsftz, 787
金正茂1, 1180
享纷享, 574
正唐测试20141217, 764
BJQKZN, 2221
保定元兴, 869
20150112X9测试, 563
红米科技, 596
库存管理, 3145
13179053333, 577
潮阳金正盛投资, 667
东莞恒胜, 949
元氏高远, 667
定州4S店, 1149
世融, 883
ZYDBFSB, 572
停止售后, 744
生产测试, 7202
路易通2, 704
diwang102, 1202
X9生产不带磁铁, 4001
BXTDHBQ, 2362
bxkjhbq, 1245
拆除设备2, 2792
NFQJ, 1609
结清客户1, 741
丢失损坏设备, 505
裕昌集团, 1124
爱车安车品旗舰店_20150924_67, 1411
HSDBLS, 1052
李强2016, 690
爱车安车品旗舰店_20150701_35, 949
爱车安车品旗舰店_20150701_18, 947
爱车安车品旗舰店_20150701_22, 884
爱车安车品旗舰店_20150701_26, 743
deletedgps, 2056
梅州公司, 953
恒玖投资济南-无线, 978
中集瑞江, 503
报废区域, 3371
nfqjzs, 626
nfqjzh, 553
KSTZ88, 683
杰程删除车辆, 755
SBSMG, 575
gm02测试账号_20151222_32, 603
广州亿博盛集团, 755
武汉亿博盛集团, 1825
肇庆亿博盛集团, 1190
江门亿博盛集团, 2008
喜投宝安店1, 702
移除出来的, 1149
恒玖投资北京-有线, 656
恒玖投资济南-有线, 741
蓝冰过期设备, 798
杭州融悦, 3730
不用去看, 872
浩远汽贸, 620
广州店贷款用户, 967
CXFWX, 542
车安车品旗舰店_20160328_108, 858
车安车品旗舰店_20160328_117, 836
车安车品旗舰店_20160328_112, 586
车安车品旗舰店_20160328_116, 649
没用的2, 744
01结清客户, 835
济宁贷款用户, 780
121233, 1424
恒玖投资北京-无线, 1116
果树东莞贷款, 822
吉贸郁通总平台, 730
jtaaaa, 1872
15989877713, 534
dqkhcf, 6431
屹好贷3, 841
离线平台分组, 909
合同已结清, 695
开开顺报废, 612
贺州GPS已装, 618
3365623, 548
3368875, 610
结清客户11, 667
聊城贷款用户, 749
蓝冰谷米爱车安, 1176
喜投广州结清用户, 530
喜投东莞店贷款, 910
谷米海外部, 1391
己坏和已过期, 618
喜投中山店贷款用户, 723
JQBLGPS, 1183
CS12345, 510
3464147, 827
3489806, 746
3489810, 791
金正茂2, 548
湖南杨杰团队B, 524
融悦江苏B, 1035
润禾车品, 504
2016四季度, 791
永宏昌贷款用户, 992
芒果车贷萍乡, 898
JPJR88888, 521
LGHS, 923
北京恒玖投资总部123, 1769
车贷贷保定店, 1033
车贷贷天津店, 520
福田结清用户1, 548
3532833, 820
3532837, 711
3532841, 589
社区活动, 1492
缓解主账号, 889
芒果车贷宜春, 815
佛山店贷款用户, 1412
JPXL, 571
纵韩汽车, 1520
亚富路结清用户, 782
万通二年期, 963
已转平台设备, 582
武汉亿博盛集团1, 502
CXFHY, 520
结清8888, 670
谷米海外部06, 749
易车无忧东莞, 689
易车无忧成都, 990
结清客户，, 789
2017一季度, 602
201701QKH, 508
普宁-友泰1, 592
新车以租代购, 551
谷米广州海外部, 858
3586971, 1000
3586975, 1000
3586979, 1000
3586983, 1000
3586987, 1000
3586991, 1000
3586995, 1000
3586999, 1000
3587003, 1000
3587023, 950
喜投江门店贷款用户, 850
sun2017, 1018
桂林GPS已装, 507
HSHZ, 1199
吉林省万丰汽车服务有限公司, 913
shbt, 1520
广西融悦B, 4708
融悦蔡杨团队B, 1469
SQAF, 758
龙华科技, 970
福田贷款用户, 1087
2017二季度, 685
ChangedTheDueTo, 541
hongye1, 1100
GM02D测试8, 818
GM02D测试9, 882
梅州公司2组, 515
DQBXF, 883
易车无忧重庆, 626
0220170811, 990
恒胜盐田分公司, 590
20170824, 578
南宁贷款用户, 547
SJZYMQCJR, 900
TSBT, 850
20170917, 855
车贷贷沈阳店, 1176
梅州贷款用户, 611
韶关贷款用户, 671
芜湖中集瑞江, 670
2017926, 693
3675963, 1000
3676503, 929
3676507, 868
3676511, 789
3676515, 666
guoxinchejinrong8888, 1518
客户删除不用, 615
GM03C测试帐号, 656
AQB8888, 645
HSBA, 1395
财神贷, 1026
易车无忧宁波, 687
易车无忧西安, 939
易车无忧哈尔滨, 614
3729706, 1000
3729710, 1000
3729738, 1000
3729742, 1000
3729746, 1000
3729750, 941
车速贷总库, 566
河北太盟宜贷, 790
车贷贷郑州店, 1498
融悦广西二部B, 664
3753074, 581
谷米海外部02, 1047
HSFT, 826
GM02D测试20170726, 820
云车大连, 742
GM02D测试7, 999
JTESC无线组, 585
易车无忧长沙, 796
财神贷大连店, 702
太盟宜贷黑龙江分公司, 550
20171129, 887
3791490, 555
qwer321, 4099
易车贷结清, 594
WDQM, 776
谷米海外部36, 517
YMQCJR, 985
车贷贷哈尔滨加盟店, 693
广西二部西安团队B, 774
3809806, 1000
3810274, 904
GXHLJ88888, 702
FSYZDG, 1118
辽宁车金宝, 822
李明888888, 649
谷米海外部03, 538
jfyaf, 978
20180110, 1032
屹好贷2, 606
曹蕾B, 634
车贷贷大庆加盟店, 840
车贷贷邯郸, 611
JPCGM, 921
2017122901, 1138
jfyaf2, 800
spkj, 719
不用机, 803
世纪租车, 550
ZHANGLIWEI, 1017
天熠gps, 617
 villo, 1287
运销1, 1025
北方1, 1187
上联1, 739
瑞威1, 616
汇通1, 675
转移, 1049
汇通新, 676
山东鲁碧建材有限公司, 604
liulin0358, 633
车城人保, 549
天正汽贸, 558
gzzc, 1915
shfx, 567
dada, 578
zjhanhu, 1064
客户不要，暂放, 2029
已过期, 522
13311181238, 578
苏州2015, 933
苏州2016, 775
g13584772787, 1514
bhzyz, 525
jrqm, 877
xin, 879
baofeishebei, 1866
sjzjt, 635
fqxt, 842
fqbt, 920
fqbyze, 642
fqcz, 1657
fqtl, 627
fqwlcb, 863
fqyc, 557
fqtls, 572
fqalsm, 763
fqcd, 660
fqwz, 546
fqqhd, 601
fqbd, 981
fqzjk, 788
fqwlht, 628
宜民贷西宁, 718
hbcstz, 656
冀A256MR, 788
fqhs, 845
HBYMD, 638
ymdbd, 1260
czjq, 539
8848, 1481
zwj75, 6303
gm902-3000, 753
3730616, 1000
3869197, 1000
gemini, 524
东圣二年费, 960
华澳-乐山, 510
华澳-德阳, 555
华澳-成都, 642
北京麦宏, 1453
离职或报废, 568
津GPS, 681
test03, 9654
njgt, 640
lihua, 1709
kc, 2637
banno, 4628
冠县新博服务区, 634
chenmimi, 2748
dzsw, 719
huangquandong, 575
shkl1, 849
九庭贸易垃圾桶, 595
yufeng1, 655
hnlm, 2922
xtrw, 877
gcqczl, 1425
chenshiqing, 908
xue1993, 1707
吕录美, 554
shenqing, 2928
xtjsqm, 806
fjsb, 1072
xtrm, 712
金烽车品专营店, 597
shztcd, 1005
gpsonline, 546
dxqcjr, 700
上海启想商贸有限公司, 779
shtyweixiu, 7085
teyinggps, 793
许春宝, 867
pxc20130223, 1454
901901901, 902
作废账号, 745
嘉兴营业部, 1568
20130423新, 520
昝晓雨, 515
66292582, 598
nbyyb, 748
18908376983, 1503
lwf198394, 747
厚普投资, 628
test207, 1089
孔丽英, 930
15825633351, 535
上海888, 3031
广州888, 2283
北京888, 4456
嘉兴谭记汽车贸易有限公司, 624
18917867082, 852
深圳888, 2135
融信广州, 677
武汉888, 963
三亚888, 867
上海绿通汽销, 640
成都888, 1002
18968886990, 601
myss, 739
yyzc, 1995
证大车贷-南宁, 620
18666293761, 682
杭州888, 966
已经转移备用的GPS, 887
wdyzyyb, 506
苏州信远担保有限公司, 541
20140910, 581
czyyb, 831
15839959678, 578
融信泉州, 518
15825421815, 929
无线2015, 601
融信南通结清, 606
QALXSB, 766
hbonus-wx, 926
njyyb, 579
wdlayyb, 568
华正运输, 630
suxigps, 696
ltczgs, 1051
ltbjgs, 1516
15546677774, 841
15995460188, 1029
深圳结清, 789
fhwtcp, 1160
lttxgs, 731
11223344123, 1014
浙江嘉兴店, 568
兴佳汽车按揭, 838
13910521890, 788
hh0126, 609
ltntgs, 912
ltjxgs, 531
融信南宁结清, 1041
ltzjgs, 546
融信石家庄, 565
天顺祥信贷, 519
融信柳州结清, 827
18017116789, 640
融信成都结清, 814
回收站电商, 5539
ltsjzgs, 1533
18857113207, 624
马宏81221616, 938
国内电商, 3123
中资联西安, 696
四川鼎吉, 690
大客户部, 10717
yzqx1, 987
鲲鹏投资管理, 603
常州-人人聚财, 513
萧山1, 618
佛山结清, 703
中资联昆山, 568
linyi1, 779
weifang, 890
yantai3, 626
xinxiang, 603
北京静默式gps, 700
肇庆店, 584
CSFGS, 619
融信上海结清, 911
富阳1, 916
常州2-人人聚财, 899
wzyyb4, 665
新升贷宜春分公司, 698
新升贷义乌分公司, 996
新升贷萧山分公司, 679
成都汇宝行汽车, 682
四海在线, 1003
骏德汽车, 669
广州结清, 589
融信绵阳结清, 556
融信南充结清, 664
融信芜湖结清, 506
融信武汉结清, 586
融信中山结清, 972
新升贷温州分公司, 943
15067137283, 1051
苏州分, 755
苏州龙鑫, 692
tdjf, 576
内蒙古益合贷, 1002
万银车贷, 1511
常州致信车贷, 1093
武汉分, 851
wdjxycyyb, 525
hbonus-jx, 939
上海无线A, 545
成都嘉力天, 1128
无锡车贷06, 1334
dezhou, 1493
杭州富阳, 998
taian3, 576
济南1, 1162
成都瑞洹, 661
苏州巴士, 561
安庆分公司, 696
江门店, 1040
嵊州分公司, 590
上海静默式gps, 508
浙江东阳分公司, 514
和呼和浩特, 743
广州公司, 1261
欣融担保, 708
融信海口结清, 574
融信济南结清, 615
融信泉州结清, 899
融信东莞结清, 520
13803249968, 622
新升贷永嘉分公司, 845
hsfc, 1101
15114641111, 1000
上海1012-X9, 620
新升贷富阳分公司, 753
铭基车贷牛, 949
新升贷温岭分公司, 651
蚌埠-人人聚财, 645
hsdsb, 529
利通芜湖, 953
新升贷赣州分公司, 880
15139193311, 597
新升贷上饶分公司, 998
台州1, 838
sunyao, 971
XAATJ, 555
新升贷西安分公司, 992
合肥无线, 574
13256416688, 579
新升贷诸暨分公司, 740
上海有线A, 502
盐城起信, 722
马鞍山, 1080
广州天河2-人人聚财, 622
hydhz, 957
wdjxpxyyb, 699
成都捷翊汽车租赁服务公司, 519
佛山捷翊汽车租赁服务公司, 551
慈溪营业部作废, 1322
湖州营业部作废, 590
义乌营业部作废, 979
新升贷鹰潭分公司, 855
新升贷苍南分公司, 870
苏州信远回收站, 754
潍坊-人人聚财, 2446
13370028523, 651
中山公司, 673
hbonus-徐州信贷事业部, 701
投这家台州, 771
石钢物流, 738
荆州-人人聚财, 554
江门公司, 1730
上海力蕴, 541
郑州1, 649
jining1, 2260
西安2人人聚财回收站, 740
郑州3-人人聚财, 646
阜阳-人人聚财, 1103
tccdhbwh, 651
13808378022, 645
亿博盛武汉公司, 640
黄石人人聚财, 512
智上村, 767
huhaiying, 734
温州分公司1, 720
哈尔滨分, 1109
合肥-人人聚财, 654
肇庆分公司, 1022
郑州-人人聚财, 646
jiaozuo, 1085
人人聚财-惠州一店, 619
人人聚财-济南一店, 682
人人聚财-潍坊一店, 1339
13833154499, 509
隆合资产常州, 903
融信云南三年期已装, 802
兄弟金融3, 654
拆除1, 858
信远担保南通分公司, 812
承德分公司, 1643
洛阳-人人聚财, 768
南通-人人聚财, 682
上海有线B, 809
AA已转群硕设备, 795
13454970690, 998
众鸣在线合肥分公司, 854
众鸣在线西安分公司, 531
浩盾科技1, 709
西安-人人聚财, 842
郑州2-人人聚财, 826
融信成都二, 653
15061562296, 658
东莞, 619
萧山营业部, 1161
中安金控1, 1231
利无锡分公司, 886
南京2-人人聚财, 651
taian2, 583
天易20160422, 794
二超科技1, 542
深圳捷翊汽车租赁服务公司, 1051
杭州城东, 529
杭州城西作废, 568
杭州庆春, 876
杭州萧山, 1508
苏州作废, 580
深圳罗湖营业部作废, 1528
金华营业部作废, 561
常州营业部作废, 516
襄阳公司, 919
薛斌2016, 501
新升贷东阳分公司, 625
嘉兴人人聚财, 512
投这家温岭, 898
广西-榆钱, 1460
13968806197, 622
kaifeng1, 579
郑州一店回收站, 567
黄石一店回收站, 890
共创投资, 1112
沈阳二店客户组1, 604
苏州一店客户组3, 694
联合万丰, 522
天易20160601, 757
fhcd88, 510
昆明客户组1, 539
衢州分店, 604
天易20160608, 550
绍兴分公司1, 725
绍兴分公司16.3.3, 886
长沙客户组1, 851
RYJR, 590
长沙捷翊汽车租赁服务公司, 702
昌丰汽车, 1749
绍兴分公司, 700
嘉兴营业, 789
利通汽车黄冈分公司, 798
丽水客户组1, 547
利通汽车包头分公司, 1602
利通汽车唐山分公司, 937
zhoukou, 877
榆钱投资, 5240
利通汽车佛山分公司, 902
众鸣在线武汉分公司, 573
13043896555, 504
人人聚财-东莞二店, 575
人人聚财-广州二店, 590
人人聚财-杭州一店, 1056
人人聚财-洛阳一店, 527
人人聚财-南京一店, 1069
人人聚财-青岛一店, 594
人人聚财-上海一店, 512
人人聚财-西安一店, 558
人人聚财-郑州三店, 691
临海1, 529
融信贵州车服三年期已装, 586
兄弟金融1, 563
利通汽车北京01, 736
新升贷城西分公司, 678
新升贷城东分公司, 836
北京众鸣在线科技有限公司, 916
众鸣在线成都分公司, 658
众鸣在线苏州分公司, 554
诸暨作废, 537
众鸣在线石家庄分公司, 516
利通汽车柳州分公司, 1563
dongying123, 787
fqgps, 528
城东营业部, 600
tccdjm, 1644
洛阳1, 1025
青岛1, 1305
广东-榆钱, 2469
人人聚财-赣州一店, 572
肇庆客户组1, 646
PTCL, 1117
芳村物联卡组, 743
马兰林88, 1847
新升贷成都分公司, 671
苏州车贷1, 886
攀枝花营业部, 620
人人聚财-昆明三店, 673
21207225, 648
呼和浩特质押设备, 812
临沂回收, 1822
武汉营业部, 626
昆明盘龙正常设备, 536
昆明南屏正常设备, 513
杭州萧山物联卡已用设备, 904
投这家温州, 669
重庆一店8月, 580
18662611043, 791
京东自营, 1866
江西上饶店3, 903
兰州营业部, 542
利通汽车长沙分公司, 1186
楚雄正常, 595
zjrxdb, 666
hebi1, 690
福州二部, 597
城东客户组2, 547
jiyuan1, 614
suqian, 1870
昆明二店客户组1, 510
宁德分部2, 513
结清客户88, 568
扬州一店-回收站, 503
山西省力蕴, 551
江苏省力蕴, 957
福建省力蕴, 940
六安客户组2, 653
北京二店客户组1, 587
18537165263, 557
市场部回收站, 16949
北京四店, 755
富阳客户组3, 686
新升贷鄱阳分公司, 533
众鸣在线西宁分公司, 960
人人聚财-岳阳一店, 589
利通汽车荆州分公司, 806
众鸣在线武汉二分公司, 539
海口分部2, 564
xuchang1, 637
武汉果树88, 735
郑州贷款用户, 920
襄阳分公司01, 954
嘉兴回收站, 817
无锡回收站, 880
新升贷重庆分公司, 698
西湖营业部, 818
徐州云龙店, 673
内蒙古-榆钱, 730
吉林-榆钱, 523
海宁营业部, 605
不定位设备2, 827
zhumadian, 768
义乌物联卡组, 806
13599909046, 649
利通汽车张家口分公司, 659
xinxiang2, 1285
yztz01, 970
3423599, 1000
3423603, 1000
3423607, 999
3423611, 999
3423615, 998
富勤辽源, 603
马翔宇, 835
商富柳州分公司, 816
柳州无线, 718
富勤通辽, 1049
天津一店正常设备客户, 685
富勤抚顺, 529
富勤铁岭, 595
富勤包头, 922
富勤呼和浩特, 915
富勤呼伦贝尔, 562
富勤石嘴山, 549
富勤中卫, 755
富勤葫芦岛, 662
富勤大连, 957
苏州裕国金融, 1040
湘潭岳塘客户设备1组, 608
长沙星沙物联网卡组, 521
黄岛正常, 528
菏泽牡丹正常设备, 1385
衡水桃城, 636
2016.8-12, 1423
人人聚财昆明一店2017, 712
临汾河汾未启用设备, 544
广州天河流失作废, 632
人人聚财-郴州一店2, 597
13839126628, 535
福州三部, 790
龙岩分部, 1014
福州一部, 755
北京融资, 634
人人聚财-咸阳一店1, 1167
人人聚财-昆明二店, 506
人人聚财-许昌一店A, 1321
人人聚财-惠州一店A, 677
沈阳和平店, 534
sanmenxia, 935
临沂物联, 1221
临沂损坏, 585
富勤吴忠, 851
人人聚财-焦作一店A, 946
SHlancaiZ, 622
长春营业部正常设备组, 553
天津滨海泛华正常设备组, 563
人人聚财-烟台一店A, 1097
人人聚财-邯郸一店A, 668
bannock, 599
绵阳一店, 561
人人聚财-许昌一店, 569
利通汽车赣州分公司, 727
人人聚财-马鞍山一店A, 712
人人聚财-佛山二店, 556
人人聚财-泰安一店, 535
利通汽车郴州分公司, 676
人人聚财-常德一店B, 761
bbl04, 895
保定客户, 588
信合车贷, 867
qysb, 14933
安阳车贷业务部一部无线, 508
15061816222, 978
陈江恒祥达, 547
利通汽车北京02, 599
宁德分部, 753
番禺物联卡, 503
物流石钢, 743
shangqiu1, 1373
河北省力蕴, 639
内蒙古力蕴, 541
丽水莲都客户组, 671
利通汽车朝阳分公司, 501
新升贷江苏淮安分公司, 506
捷信拖回车辆, 2219
佛山已拆设备, 740
众鸣在线宁波分公司, 535
梅州市吉顺汽车销售服务有限公司, 910
盐城久信汽车租赁有限公司, 588
米袋投资, 2690
狮桥南京省公司, 1756
其他75501267825, 1500
龙岩分部2, 697
利通车贷惠州分公司, 1114
常州车贷2016, 662
利通汽车岳阳分公司, 1134
利通汽车海口分公司, 641
苏州昊鑫8, 873
fk20161109, 788
北京融昌典当, 535
佛山采马汽车租赁有限公司, 793
15058555560, 779
利通汽车昆明分公司, 694
上海直营结清, 654
常熟回收站, 799
人人聚财-泰州一店, 600
人人聚财-济宁一店, 511
15839153863, 546
绥中汇丰888, 542
张家港直销, 638
宿迁K1, 639
新乡K1, 705
淄博K1, 593
德州2K1, 534
济宁2K1, 693
人人聚财-莆田一店, 525
回收站（京东）, 917
绍兴有线, 656
广西省2, 1373
榆钱贵州, 903
18537163863, 502
13004496555, 513
成都营业, 741
温州旭诚, 630
淘宝专供20161214, 541
人人聚财-开封一店, 567
17shanghai, 1655
17shenzhen, 868
17beijing, 618
济宁果树, 1150
聊城果树, 870
济南果树88, 1202
临沂果树88, 1798
鑫鼎泰陕西无线, 683
鑫鼎泰陕西有线, 681
总部原来的作废, 1865
人人聚财-新乡一店, 826
3541734, 999
3541738, 937
18537163865, 528
利通汽车赤峰分公司, 1673
fszz, 586
襄阳樊城, 603
吉车贷, 656
深圳龙华区营业部5, 607
利通汽车北海分公司, 932
内蒙古通辽营业部01, 589
嵊州7, 549
湘潭岳塘客户设备2组, 615
微贷鄂尔多斯2, 720
文山龙城营业部正常设备, 590
人人聚财2016年11月, 624
新升贷万州分公司, 555
狮桥江西省公司, 1902
包头财富, 1239
驻马店果树, 700
富勤白银, 623
王祥8888, 936
人人聚财-泉州一店A, 623
人人聚财-商丘一店A, 583
中毅国际济南分公司A, 511
中毅国际苏州分公司A, 825
人人聚财-新乡A, 666
新升贷广西百色分公司, 599
吉车张家口, 829
米袋青岛店, 583
助商贷合肥, 580
有线备用设备, 1040
人人聚财宝鸡一店A, 790
锡林浩特广达, 732
人人聚财-咸阳一店, 669
人人聚财-荆门一店, 592
聊城1, 1178
捷信结清车辆, 1254
人人聚财-赤峰一店B, 590
15993714706, 531
杭州有线回收, 1099
车宏投资, 731
富勤大庆, 998
富勤齐齐哈尔, 666
富勤佳木斯, 586
富勤鄂尔多斯, 792
富勤银川, 904
富勤朝阳, 535
富勤平凉, 622
富勤太原, 590
唐山分公司, 707
濮阳一店2, 931
沙河汇安, 528
鸿元达02, 815
谷米无线, 1061
瑞洹2016, 772
人人聚财-1, 670
中山公司有线2017/6, 516
13632225575, 686
hh01261, 640
人人聚财-周口一店A, 1010
jcyd10, 609
西安高新, 811
海口分部, 578
人人聚财-泰安一店A, 1111
成都瑞洹2016-1, 1171
qzj123, 552
广州天河营业部正常组一, 573
重庆二店未启用, 787
重庆一店未启用, 1169
哈尔滨一店未启用, 847
秦皇岛一店未启用, 870
南宁一店未启用, 1580
玉林一店未启用, 1177
鹤壁一店未启用, 715
开封一店未启用, 915
濮阳一店未启用, 1376
商丘一店未启用, 1173
新乡一店未启用, 1024
信阳一店未启用, 741
许昌一店未启用, 1464
周口一店未启用, 853
驻马店一店未启用, 632
焦作一店未启用, 1252
洛阳二店未启用, 800
洛阳三店未启用, 850
南阳一店未启用, 1447
郑州二店未启用, 1004
黄石一店未启用, 948
武汉二店未启用, 1313
武汉一店未启用, 1325
常德一店未启用, 962
郴州一店未启用, 671
长沙一店未启用, 907
常州二店未启用, 595
常州一店未启用, 615
杭州一店未启用, 1581
嘉兴一店未启用, 997
南通一店未启用, 604
莆田一店未启用, 670
泉州一店未启用, 708
厦门一店未启用, 956
佛山一店未启用, 818
九江一店未启用, 1085
上饶一店未启用, 661
青岛二店未启用, 1109
德州一店未启用, 584
聊城一店未启用, 1006
临沂一店未启用, 1310
泰安一店未启用, 808
深圳二店未启用, 900
深圳六店未启用, 618
深圳三店未启用, 1393
深圳四店未启用, 756
深圳一店未启用, 1857
成都一店未启用, 568
连云港一店未启用, 1045
泰州一店未启用, 647
阜阳一店未启用, 910
淮北一店未启用, 720
马鞍山一店未启用, 781
昭通一店未启用, 512
曲靖一店未启用, 512
昆明一店未启用, 1337
昆明三店未启用, 1019
昆明二店未启用, 623
太原一店未启用, 572
兰州一店未启用, 687
宝鸡一店未启用, 826
河南郑州分公司, 515
广州天河营业部正常组三, 586
南阳二店待用, 743
新升贷广东东莞分公司, 957
已赎回待拆车辆, 1141
已出售报损车辆, 571
广西融悦A, 535
徐州一店2016, 631
滁州一店无线设备, 649
康永天津分公司, 619
聚信投资88, 554
财新汽车-成都, 585
康永秦皇岛分公司, 1558
鑫鼎泰成都有线, 927
鑫鼎泰成都无线, 926
安阳一店A, 789
山西运城盐湖正常设备组, 703
商富东阳无线, 519
杭州3店（九堡）, 583
聊城无线, 970
江西宜春店, 543
义乌有线, 628
金华无线, 746
万惠西安车贷, 713
东莞2017, 775
Kshly2, 541
财新汽车-重庆, 667
人人聚财-南阳一店, 509
永优车行, 508
回收GPS, 1969
利通汽车南昌分公司, 658
人人聚财南宁二店, 624
洛阳果树贷款客户, 918
fk20161108, 883
兰州果树, 600
河南郑州门店, 520
哈尔滨南岗开走车辆, 1063
中硕金服, 550
富勤渭南, 966
中毅苏州, 791
成都分部3, 600
易鑫车贷辽宁, 1090
wkzjy, 546
334166034, 579
15716139558, 731
睿本不用车辆, 534
助商贷宝鸡, 523
助商贷兰州, 522
yzcs01, 530
上海20170829, 589
上海20170830, 600
陕西鼎新, 683
致邦汽车, 1424
微贷鄂尔多斯8, 676
德州果树, 723
富勤朔州, 814
焦作贷款客户, 637
贷款用户12345, 648
通辽一店待启用, 542
乌兰浩特君御, 545
轩博南宁公司01, 882
新升贷广西柳州分公司, 504
佛山快一, 710
投这家苏州分公司, 835
张家港锦驰, 506
吉车宁波, 560
人人聚财+长沙一店A, 895
利通太原, 733
人人聚财-咸阳一店B, 643
人人聚财-保定一店C, 508
15148897899, 602
富勤西宁, 587
临沂一店, 817
hbonus-总结清, 18404
沈阳第二营业部11, 535
持衡金融--2017, 576
富勤滨州, 531
首信好车汽车咨询服务（北京）有限公司, 3796
康永保定分公司, 536
taizhou12, 1241
天合科技, 746
广西3-榆钱, 1246
陈祥林5, 674
东莞二店-未启用设备, 667
扬州一店-2016年, 1011
扬州一店-2017年, 503
富勤枣庄, 600
人人聚财-济宁一店A, 734
人人聚财-洛阳二店A, 636
德州一店A, 698
人人聚财赤峰一店, 976
坤之德008, 927
通辽科尔沁, 514
优信结清客户, 1266
到期定位, 746
康永唐山分公司, 906
中毅国际苏州分公司B, 806
恩施, 551
商丘一店B, 1409
上海20171225, 800
新升贷广西南宁分公司, 854
dbfyc123, 596
人人聚财+百色一店, 512
kshly1, 540
zzahtgc, 551
安阳果树有线, 506
上海20180111, 667
银米宁波分公司, 1260
上海20180117, 1677
新疆伊犁伊宁店, 621
新升贷临沂分公司, 900
njyz03, 4790
人人聚财-回收站, 28937
返回厂家置换新设备, 728
康永沧州分公司, 520
十运物流车A, 540
浩源贵州分公司, 800
suzhoufs, 522
--====123, 785
劲力刘飞, 1816
乌鲁木齐天山店, 960
深圳市幸福租车有限公司, 915
wbkc, 3258
康永承德分公司, 700
西安高新正常设备4, 692
成都分部2, 536
轩博百色分公司, 870
助商贷包头, 620
乌鲁木齐时代广场, 978
人人聚财-南阳一店A, 584
成都1有线设备, 985
广佛无线设备, 1238
粤中无线设备, 507
青岛卓越, 639
京保无线设备, 722
连云港无线设备, 751
兰州无线设备, 798
大理下关正常分组1, 574
大理下关正常分组3, 514
执行队, 732
赤峰一店未启用, 847
长春一店未启用, 589
贵港一店未启用, 621
桂林一店未启用, 526
河池一店未启用, 703
柳州一店未启用, 1484
南宁二店未启用, 1099
钦州一店未启用, 615
百色一店未启用, 596
安阳一店未启用, 1243
洛阳一店未启用, 934
平顶山一店未启用, 608
郑州三店未启用, 1253
郑州一店未启用, 840
荆州一店未启用, 601
襄阳一店未启用, 1323
孝感一店未启用, 725
娄底一店未启用, 1227
湘潭一店未启用, 856
益阳一店未启用, 553
长沙二店未启用, 989
南京一店未启用, 737
苏州一店未启用, 1642
无锡二店未启用, 864
惠州一店未启用, 1021
梅州一店未启用, 613
广州二店未启用, 607
广州一店未启用, 808
赣州一店未启用, 587
吉安一店未启用, 667
南昌一店未启用, 525
保定一店未启用, 595
邯郸一店未启用, 1416
青岛一店未启用, 794
潍坊一店未启用, 1808
烟台一店未启用, 932
济南一店未启用, 1060
济宁一店未启用, 1075
淄博一店未启用, 656
海口一店未启用, 999
广元一店未启用, 541
南充一店未启用, 606
攀枝花一店未启用, 590
扬州一店未启用, 1990
池州一店未启用, 606
合肥一店未启用, 726
六安一店未启用, 741
银川一店未启用, 945
咸阳一店未启用, 1334
西安一店未启用, 755
呼和浩特一店未启用, 707
财新汽车-上海, 922
新升贷湖南长沙分公司, 630
黄冈一店A, 673
鹤壁一店A, 610
星火钱包, 1457
投这家宜昌分公司, 623
人人聚财-平顶山一店, 567
xsbn无线, 2232
金华有线, 687
禅文资管, 849
上海20170414, 2002
ltxlflc, 776
zibo1, 819
助商贷西安, 1496
流失组未报故障, 525
富勤松原市, 564
20180421, 2763
晋中无线, 651
狮桥川渝省公司, 749
狮桥新疆省公司, 2055
互信-泰州加盟商, 1010
商富催收专用, 1082
盘锦汇众车贷, 761
银米新乡分公司, 700
十里河01, 673
十里河08, 831
五月份, 519
互信-湖南加盟商, 610
富勤锡林浩特市, 509
安财临沂, 569
西安二店加盟商A, 676
安财运城, 980
上海20180525, 2470
人人聚财+青岛二店A, 723
富勤聊城, 580
上海20180605, 1199
dbzyyz, 538
上海20180606, 2900
轩博南宁公司02, 882
轩博南宁公司03, 666
人人聚财+长沙一店, 663
冠盈车贷4, 830
车宏投资1, 582
1381941972, 539
无线X9GPS回收, 1698
上海20170704, 1703
利通汽车郑州分公司, 704
财新汽车-西安, 821
合肥一店A, 515
tzjjyyb33, 571
tzjjyyb123, 1005
新升贷山东潍坊分公司, 550
义乌无线, 835
安财茂源宿迁, 690
富勤吉林市, 502
杨yang, 527
zznjyz, 520
上海20180102, 508
上海20180104, 1960
众信江阴, 563
安阳果树无线, 583
库-存, 937
上海20180119, 656
与杉嘉兴A, 513
曹蕾A, 518
上海20180602, 3266
上尚库存, 1835
赢拓投资1, 568
浙江省公司无线设备, 945
滇中分公司无线设备, 859
成都城配无线设备, 508
南通无线设备, 575
无锡无线设备, 715
徐州无线设备, 580
济南无线设备, 508
东莞果树无线1, 800
东莞果树无线2, 600
襄阳分公司02, 737
总故障机, 778
小九全控-离线超过200天, 1074
天津离线欠费, 602
SG18588627250, 519
puyang, 721
贷后外访, 3308
已拆设备1, 1331
上海20180514, 838
GPS设备临时存放, 1150
微贷网回收站, 92729
2017德州果树GPS, 856
新升贷四川成都时代分公司, 770
上海20180126, 923
上海20180202, 781
上海20180203, 831
众鸣在线银川分公司, 560
外包临时存放, 3655
开心8888, 608
jcyjq, 714
上海20180326, 1057
富勤乌兰浩特市, 627
富勤榆林市, 618
呼和浩特分账户, 561
上海20180522, 660
上海20180529, 2582
微嵘昌01, 2495
xmzgps, 1215
上海20180604, 900
29121176, 8624
kksjmtq, 6788
